{"cameraMode":{"drawMode":0,"name":"Shaded","section":"Shading Mode"},"sceneLighting":true,"audioPlay":false,"sceneViewState":{"m_AlwaysRefresh":false,"showFog":true,"showSkybox":true,"showFlares":true,"showImageEffects":true,"showParticleSystems":true,"showVisualEffectGraphs":true,"m_FxEnabled":true},"in2DMode":false,"pivot":{"x":0.5683967471122742,"y":1.2716751098632813,"z":2.827059030532837},"rotation":{"x":0.00938356015831232,"y":0.44866320490837099,"z":-0.004711146000772715,"w":0.8936395049095154},"size":0.5807955265045166,"orthographic":false}