{"cameraMode":{"drawMode":0,"name":"Shaded","section":"Shading Mode"},"sceneLighting":true,"audioPlay":false,"sceneViewState":{"m_AlwaysRefresh":false,"showFog":true,"showSkybox":true,"showFlares":true,"showImageEffects":true,"showParticleSystems":true,"showVisualEffectGraphs":true,"m_FxEnabled":true},"in2DMode":false,"pivot":{"x":3.348574638366699,"y":0.6454569697380066,"z":-2.0955419540405275},"rotation":{"x":0.20932890474796296,"y":-0.6288339495658875,"z":0.18116392195224763,"w":0.7265942692756653},"size":1.3777565956115723,"orthographic":true}