{"cameraMode":{"drawMode":0,"name":"Shaded","section":"Shading Mode"},"sceneLighting":true,"audioPlay":false,"sceneViewState":{"m_AlwaysRefresh":false,"showFog":true,"showSkybox":true,"showFlares":true,"showImageEffects":true,"showParticleSystems":true,"showVisualEffectGraphs":true,"m_FxEnabled":true},"in2DMode":false,"pivot":{"x":133.65463256835938,"y":-393.2207336425781,"z":793.6467895507813},"rotation":{"x":0.48065242171287539,"y":0.08497989922761917,"z":-0.04686715081334114,"w":0.8715239763259888},"size":492.0003356933594,"orthographic":false}