{"cameraMode":{"drawMode":0,"name":"Shaded","section":"Shading Mode"},"sceneLighting":true,"audioPlay":false,"sceneViewState":{"m_AlwaysRefresh":false,"showFog":true,"showSkybox":true,"showFlares":true,"showImageEffects":true,"showParticleSystems":true,"showVisualEffectGraphs":true,"m_FxEnabled":true},"in2DMode":false,"pivot":{"x":3.332476854324341,"y":0.6974148154258728,"z":-1.4185987710952759},"rotation":{"x":0.03210391849279404,"y":0.917857825756073,"z":-0.07589594274759293,"w":0.38827428221702578},"size":3.853360652923584,"orthographic":true}