{"cameraMode":{"drawMode":0,"name":"Shaded","section":"Shading Mode"},"sceneLighting":true,"audioPlay":false,"sceneViewState":{"m_AlwaysRefresh":false,"showFog":true,"showSkybox":true,"showFlares":true,"showImageEffects":true,"showParticleSystems":true,"showVisualEffectGraphs":true,"m_FxEnabled":true},"in2DMode":false,"pivot":{"x":209.79408264160157,"y":-18.69805908203125,"z":190.93728637695313},"rotation":{"x":0.041443996131420138,"y":-0.9419675469398499,"z":0.3084876239299774,"w":0.12624874711036683},"size":150.25674438476563,"orthographic":false}