{"cameraMode":{"drawMode":0,"name":"Shaded","section":"Shading Mode"},"sceneLighting":true,"audioPlay":false,"sceneViewState":{"m_AlwaysRefresh":false,"showFog":true,"showSkybox":true,"showFlares":true,"showImageEffects":true,"showParticleSystems":true,"showVisualEffectGraphs":true,"m_FxEnabled":true},"in2DMode":false,"pivot":{"x":10.007579803466797,"y":102.34690856933594,"z":187.1881103515625},"rotation":{"x":-0.22015875577926637,"y":-0.7229345440864563,"z":0.2659415900707245,"w":-0.5984786152839661},"size":168.02987670898438,"orthographic":true}